<?xml version="1.0" encoding="UTF-8"?>
<!DOCTYPE plist PUBLIC "-//Apple//DTD PLIST 1.0//EN" "http://www.apple.com/DTDs/PropertyList-1.0.dtd">
<plist version="1.0">
<dict>
	<key>wTip</key>
	<string>试试看，双击连到一起的小方块</string>
	<key>tTip</key>
	<string>试试看，双击相邻2个以上的小方块</string>
	<key>tTipEnd</key>
	<string>非常好，让我们开启消灭之旅吧~</string>
	<key>feedback</key>
	<string>意见反馈</string>
	<key>rating</key>
	<string>亲给个好评呗</string>
	<key>begin</key>
	<string>开始游戏</string>
	<key>tutorial</key>
	<string>查看教程</string>
	<key>tutorialMiss</key>
	<string>教程您好，教程再见</string>
	<key>game_mode_1</key>
	<string>变态模式</string>
	<key>game_mode_2</key>
	<string>经典模式</string>
	<key>replay</key>
	<string>重新开始</string>
	<key>levelInfo</key>
	<string>当前等级：</string>
	<key>levelTip</key>
	<string>任务目标：</string>	
	<key>gameOverToast</key>
	<string>挂了吧，得瑟！</string>
	<key>gameOver</key>
	<string>游戏结束</string>
	<key>gameOverTip</key>
	<string>找到关闭按钮再来玩吧！</string>
	<key>wxmenu</key>
	<string>微信求救</string>
	<key>wxtip</key>
	<string>受不鸟了，我是%d级消除强迫症，快来救救我吧！</string>
	<key>wxtitle</key>
	<string>救命！！！</string>
	<key>noclick</key>
	<string>别点这里</string>
	<key>click</key>
	<string>点点这里</string>
	<key>thanks</key>
	<string>谢谢，我们会更加努力</string>
</dict>
</plist>
